INSERT INTO days (id, names_of_week) VALUES (1, 'MONDAY');
INSERT INTO days (id, names_of_week) VALUES (2, 'TUESDAY');
INSERT INTO days (id, names_of_week) VALUES (3, 'WEDNESDAY');
INSERT INTO days (id, names_of_week) VALUES (4, 'THURSDAY');
INSERT INTO days (id, names_of_week) VALUES (5, 'FRIDAY');
INSERT INTO days (id, names_of_week) VALUES (6, 'SATURDAY');
INSERT INTO days (id, names_of_week) VALUES (7, 'SUNDAY');
INSERT INTO groups (id, group_names) VALUES (1, '181M');
INSERT INTO groups (id, group_names) VALUES (2, '143M');
INSERT INTO groups (id, group_names) VALUES (3, '433');
INSERT INTO subjects (id, names_of_subjects) VALUES (1, 'Math');
INSERT INTO subjects (id, names_of_subjects) VALUES (2, 'Physics');
INSERT INTO subjects (id, names_of_subjects) VALUES (3, 'Computer Science');
INSERT INTO subjects (id, names_of_subjects) VALUES (4, 'Cryptography');
INSERT INTO subjects (id, names_of_subjects) VALUES (5, 'Physical Culture');
INSERT INTO subjects (id, names_of_subjects) VALUES (6, 'English language');
INSERT INTO subjects (id, names_of_subjects) VALUES (7, 'Discrete Math');
INSERT INTO subjects (id, names_of_subjects) VALUES (8, 'Programming technologies');
INSERT INTO subjects (id, names_of_subjects) VALUES (9, 'Philosophy');
INSERT INTO subjects (id, names_of_subjects) VALUES (10, 'Cryptography');
INSERT INTO classrooms (id, name_of_classrooms) VALUES (1, '123');
INSERT INTO classrooms (id, name_of_classrooms) VALUES (2, '218B');
INSERT INTO classrooms (id, name_of_classrooms) VALUES (3, '313A');
INSERT INTO classrooms (id, name_of_classrooms) VALUES (4, '220');
INSERT INTO classrooms (id, name_of_classrooms) VALUES (5, '108');
INSERT INTO classrooms (id, name_of_classrooms) VALUES (6, '112');
INSERT INTO classrooms (id, name_of_classrooms) VALUES (7, '210A');
INSERT INTO classrooms (id, name_of_classrooms) VALUES (8, '313B');
INSERT INTO classrooms (id, name_of_classrooms) VALUES (9, '204');
INSERT INTO classrooms (id, name_of_classrooms) VALUES (10, '101');
insert into students (id, first_names, last_names, group_id) values (1, 'Lon', 'Georgins', 3);
insert into students (id, first_names, last_names, group_id) values (2, 'Abbe', 'Gammie', 1);
insert into students (id, first_names, last_names, group_id) values (3, 'Ileana', 'Houtby', 3);
insert into students (id, first_names, last_names, group_id) values (4, 'Cris', 'Teasell', 2);
insert into students (id, first_names, last_names, group_id) values (5, 'Farlay', 'Rohloff', 1);
insert into students (id, first_names, last_names, group_id) values (6, 'Gerianna', 'Lamcken', 2);
insert into students (id, first_names, last_names, group_id) values (7, 'Sonnnie', 'Tomczykowski', 2);
insert into students (id, first_names, last_names, group_id) values (8, 'Fernando', 'Schurcke', 2);
insert into students (id, first_names, last_names, group_id) values (9, 'Carolyne', 'Gatehouse', 3);
insert into students (id, first_names, last_names, group_id) values (10, 'Thaine', 'Mariaud', 2);
insert into students (id, first_names, last_names, group_id) values (11, 'Klarrisa', 'Longmaid', 2);
insert into students (id, first_names, last_names, group_id) values (12, 'Doreen', 'Tucknott', 2);
insert into students (id, first_names, last_names, group_id) values (13, 'Dredi', 'Martinek', 1);
insert into students (id, first_names, last_names, group_id) values (14, 'Milty', 'Burchfield', 1);
insert into students (id, first_names, last_names, group_id) values (15, 'Kingston', 'Chazerand', 3);
insert into students (id, first_names, last_names, group_id) values (16, 'Udale', 'Mingotti', 1);
insert into students (id, first_names, last_names, group_id) values (17, 'Falkner', 'Agglio', 3);
insert into students (id, first_names, last_names, group_id) values (18, 'Traci', 'Hubber', 1);
insert into students (id, first_names, last_names, group_id) values (19, 'Marga', 'Stollen', 2);
insert into students (id, first_names, last_names, group_id) values (20, 'Faye', 'Ronchetti', 2);
insert into students (id, first_names, last_names, group_id) values (21, 'Russell', 'Subhan', 1);
insert into students (id, first_names, last_names, group_id) values (22, 'Patrizia', 'Senner', 2);
insert into students (id, first_names, last_names, group_id) values (23, 'Sutton', 'Emlin', 1);
insert into students (id, first_names, last_names, group_id) values (24, 'Aloisia', 'Orleton', 2);
insert into students (id, first_names, last_names, group_id) values (25, 'Kym', 'Kubasiewicz', 2);
insert into students (id, first_names, last_names, group_id) values (26, 'Corie', 'Rosellini', 3);
insert into students (id, first_names, last_names, group_id) values (27, 'Freemon', 'Flott', 1);
insert into students (id, first_names, last_names, group_id) values (28, 'Drugi', 'Schruur', 2);
insert into students (id, first_names, last_names, group_id) values (29, 'Gregg', 'Hasloch', 1);
insert into students (id, first_names, last_names, group_id) values (30, 'Esma', 'Bidewell', 3);
INSERT INTO schedules (id, classroom_id, day_id, group_id, subjects_id) VALUES (1, 1, 1, 1, 1);
INSERT INTO schedules (id, classroom_id, day_id, group_id, subjects_id) VALUES (2, 2, 1, 1, 2);
INSERT INTO schedules (id, classroom_id, day_id, group_id, subjects_id) VALUES (3, 3, 2, 1, 3);
INSERT INTO schedules (id, classroom_id, day_id, group_id, subjects_id) VALUES (4, 4, 3, 1, 4);
INSERT INTO schedules (id, classroom_id, day_id, group_id, subjects_id) VALUES (5, 2, 3, 1, 1);
INSERT INTO schedules (id, classroom_id, day_id, group_id, subjects_id) VALUES (6, 5, 4, 1, 6);
INSERT INTO schedules (id, classroom_id, day_id, group_id, subjects_id) VALUES (7, 6, 5, 1, 9);
INSERT INTO schedules (id, classroom_id, day_id, group_id, subjects_id) VALUES (8, 7, 5, 1, 10);
INSERT INTO schedules (id, classroom_id, day_id, group_id, subjects_id) VALUES (9, 8, 1, 2, 8);
INSERT INTO schedules (id, classroom_id, day_id, group_id, subjects_id) VALUES (10, 9, 2, 2, 5);
INSERT INTO schedules (id, classroom_id, day_id, group_id, subjects_id) VALUES (11, 10, 2, 2, 7);
INSERT INTO schedules (id, classroom_id, day_id, group_id, subjects_id) VALUES (12, 2, 3, 2, 2);
INSERT INTO schedules (id, classroom_id, day_id, group_id, subjects_id) VALUES (13, 1, 4, 2, 1);
INSERT INTO schedules (id, classroom_id, day_id, group_id, subjects_id) VALUES (14, 3, 4, 2, 9);
INSERT INTO schedules (id, classroom_id, day_id, group_id, subjects_id) VALUES (15, 4, 5, 2, 3);
INSERT INTO schedules (id, classroom_id, day_id, group_id, subjects_id) VALUES (16, 8, 1, 3, 4);
INSERT INTO schedules (id, classroom_id, day_id, group_id, subjects_id) VALUES (17, 9, 2, 3, 2);
INSERT INTO schedules (id, classroom_id, day_id, group_id, subjects_id) VALUES (18, 6, 3, 3, 1);
INSERT INTO schedules (id, classroom_id, day_id, group_id, subjects_id) VALUES (19, 5, 4, 3, 8);
INSERT INTO schedules (id, classroom_id, day_id, group_id, subjects_id) VALUES (20, 1, 4, 3, 4);
INSERT INTO schedules (id, classroom_id, day_id, group_id, subjects_id) VALUES (21, 2, 5, 3, 3);
INSERT INTO schedules (id, classroom_id, day_id, group_id, subjects_id) VALUES (22, 7, 5, 3, 7);
